<?xml version="1.0" encoding="UTF-8"?>
<project-private xmlns="http://www.netbeans.org/ns/project-private/1">
    <editor-bookmarks xmlns="http://www.netbeans.org/ns/editor-bookmarks/2" lastBookmarkId="0"/>
    <open-files xmlns="http://www.netbeans.org/ns/projectui-open-files/2">
        <group>
            <file>file:/C:/Users/Saroj/Documents/NetBeansProjects/test_calendar/src/java/servlets/CalendarJsonServlet.java</file>
            <file>file:/C:/Users/Saroj/Documents/NetBeansProjects/test_calendar/web/view_event.jsp</file>
            <file>file:/C:/Users/Saroj/Documents/NetBeansProjects/test_calendar/web/add_event.jsp</file>
            <file>file:/C:/Users/Saroj/Documents/NetBeansProjects/test_calendar/src/java/modal/CalendarDTO.java</file>
            <file>file:/C:/Users/Saroj/Documents/NetBeansProjects/test_calendar/src/java/servlets/add_event_servlet.java</file>
        </group>
    </open-files>
</project-private>
